11/04/2022;10:58:00;decathlon
11/04/2022;12:04:00;evomag
12/04/2022;11:35:00;decathlon
12/04/2022;13:00:00;evomag
13/04/2022;10:10:00;decathlon
13/04/2022;14:22:00;evomag
14/04/2022;11:43:00;decathlon
14/04/2022;15:56:00;evomag
15/04/2022;12:00:00;decathlon
15/04/2022;14:13:00;evomag
18/04/2022;10:34:00;decathlon
18/04/2022;13:20:00;evomag
19/04/2022;12:04:00;decathlon
19/04/2022;15:00:00;evomag
20/04/2022;13:42:00;decathlon
20/04/2022;16:03:00;evomag
21/04/2022;11:50:00;decathlon
21/04/2022;14:15:00;evomag
22/04/2022;10:46:00;decathlon
22/04/2022;15:05:00;evomag
25/04/2022;11:37:00;decathlon
25/04/2022;16:00:00;evomag
26/04/2022;10:10:00;decathlon
26/04/2022;12:30:00;evomag
27/04/2022;11:07:00;decathlon
27/04/2022;15:01:00;evomag
28/04/2022;12:21:00;decathlon
28/04/2022;16:24:00;evomag
29/04/2022;10:09:00;decathlon
29/04/2022;13:48:00;evomag
02/05/2022;12:37:00;decathlon
02/05/2022;15:02:00;evomag
03/05/2022;10:31:00;decathlon
03/05/2022;16:20:00;evomag
04/05/2022;12:08:00;decathlon
04/05/2022;14:25:00;evomag
05/05/2022;11:23:00;decathlon
05/05/2022;14:02:00;evomag
06/05/2022;10:05:00;decathlon
06/05/2022;16:12:00;evomag
09/05/2022;12:32:00;decathlon
09/05/2022;13:45:00;evomag
10/05/2022;11:59:00;decathlon
10/05/2022;15:16:00;evomag
11/05/2022;12:03:00;decathlon
11/05/2022;14:15:00;evomag
12/05/2022;10:27:00;decathlon
12/05/2022;12:09:00;evomag
13/05/2022;10:14:00;decathlon
13/05/2022;15:23:00;evomag
16/05/2022;12:31:00;decathlon
16/05/2022;16:41:00;evomag
17/05/2022;10:52:00;decathlon
17/05/2022;15:19:00;evomag
18/05/2022;12:34:00;decathlon
18/05/2022;15:45:00;evomag
19/05/2022;11:06:00;decathlon
19/05/2022;15:59:00;evomag
20/05/2022;10:01:00;decathlon
20/05/2022;11:21:00;evomag
23/05/2022;12:38:00;decathlon
23/05/2022;15:30:00;evomag
24/05/2022;13:45:00;decathlon
24/05/2022;14:57:00;evomag
25/05/2022;15:13:00;decathlon
25/05/2022;16:39:00;evomag
26/05/2022;10:40:00;decathlon
26/05/2022;14:06:00;evomag
27/05/2022;11:59:00;decathlon
27/05/2022;16:01:00;evomag
30/05/2022;11:21:00;decathlon
30/05/2022;14:38:00;evomag
31/05/2022;13:12:00;decathlon
31/05/2022;16:50:00;evomag
01/06/2022;12:15:00;decathlon
01/06/2022;16:24:00;evomag
02/06/2022;10:10:00;decathlon
02/06/2022;11:51:00;evomag
03/06/2022;12:26:00;decathlon
03/06/2022;16:34:00;evomag
06/06/2022;14:42:00;decathlon
06/06/2022;17:54:00;evomag
07/06/2022;10:29:00;decathlon
07/06/2022;17:02:00;evomag
08/06/2022;11:49:00;decathlon
08/06/2022;16:25:00;evomag
09/06/2022;10:03:00;decathlon
09/06/2022;14:15:00;evomag
10/06/2022;11:54:00;decathlon
10/06/2022;16:23:00;evomag
13/06/2022;12:30:00;decathlon
13/06/2022;14:37:00;evomag
14/06/2022;11:06:00;evomag
14/06/2022;13:59:00;decathlon
15/06/2022;15:10:00;evomag
15/06/2022;13:01:00;decathlon
16/06/2022;14:50:00;evomag
16/06/2022;17:25:00;decathlon
17/06/2022;16:00:00;decathlon
17/06/2022;10:41:00;evomag
